<?xml version="1.0" encoding="UTF-8"?>
<project-private xmlns="http://www.netbeans.org/ns/project-private/1">
    <editor-bookmarks xmlns="http://www.netbeans.org/ns/editor-bookmarks/2" lastBookmarkId="0"/>
    <open-files xmlns="http://www.netbeans.org/ns/projectui-open-files/2">
        <group>
            <file>file:/C:/Users/LENOVO/Documents/NetBeansProjects/pembayaran_spp/src/pembayaran_spp/history_pembayaran.java</file>
            <file>file:/C:/Users/LENOVO/Documents/NetBeansProjects/pembayaran_spp/src/pembayaran_spp/laporan_tagihan.java</file>
            <file>file:/C:/Users/LENOVO/Documents/NetBeansProjects/pembayaran_spp/src/pembayaran_spp/data_siswa.java</file>
            <file>file:/C:/Users/LENOVO/Documents/NetBeansProjects/pembayaran_spp/src/pembayaran_spp/login.java</file>
            <file>file:/C:/Users/LENOVO/Documents/NetBeansProjects/pembayaran_spp/src/pembayaran_spp/data_petugas.java</file>
            <file>file:/C:/Users/LENOVO/Documents/NetBeansProjects/pembayaran_spp/src/pembayaran_spp/data_kelas.java</file>
            <file>file:/C:/Users/LENOVO/Documents/NetBeansProjects/pembayaran_spp/src/pembayaran_spp/data_spp.java</file>
            <file>file:/C:/Users/LENOVO/Documents/NetBeansProjects/pembayaran_spp/src/pembayaran_spp/transaksi_pembayaran.java</file>
            <file>file:/C:/Users/LENOVO/Documents/NetBeansProjects/pembayaran_spp/src/pembayaran_spp/halaman_utama.java</file>
            <file>file:/C:/Users/LENOVO/Documents/NetBeansProjects/pembayaran_spp/src/pembayaran_spp/laporan%20bayar.jrxml</file>
        </group>
    </open-files>
</project-private>
